,Label,Score
0,social issues,0.2575659155845642
1,human rights,0.2340449094772339
2,sustainability,0.23200848698616028
3,labour law,0.190431609749794
4,fraud,0.08594904839992523
