,Label,Score
0,sustainability,0.47655412554740906
1,human rights,0.21980102360248566
2,social issues,0.12594902515411377
3,labour law,0.116464763879776
4,fraud,0.061230987310409546
