,Label,Score
0,sustainability,0.2947806119918823
1,human rights,0.2688838839530945
2,social issues,0.17950819432735443
3,labour law,0.1328275203704834
4,fraud,0.12399973720312119
