,Label,Score
0,sustainability,0.3512627184391022
1,social issues,0.2301393449306488
2,human rights,0.19847163558006287
3,labour law,0.15909694135189056
4,fraud,0.06102926656603813
