,Label,Score
0,sustainability,0.4853764772415161
1,social issues,0.18383492529392242
2,human rights,0.12593401968479156
3,fraud,0.12375831604003906
4,labour law,0.08109632134437561
