,Label,Score
0,social issues,0.3796750605106354
1,human rights,0.29359936714172363
2,sustainability,0.1512988805770874
3,labour law,0.12560898065567017
4,fraud,0.04981774091720581
