,Label,Score
0,sustainability,0.3517856001853943
1,human rights,0.24593062698841095
2,social issues,0.19065162539482117
3,labour law,0.1704234778881073
4,fraud,0.04120871424674988
