,Label,Score
0,sustainability,0.3366246819496155
1,human rights,0.2756902575492859
2,social issues,0.19419214129447937
3,labour law,0.13653729856014252
4,fraud,0.056955624371767044
