,Label,Score
0,sustainability,0.2832537591457367
1,human rights,0.21797797083854675
2,social issues,0.21251559257507324
3,labour law,0.1442292481660843
4,fraud,0.14202339947223663
