,Label,Score
0,sustainability,0.3266829252243042
1,social issues,0.2948095202445984
2,human rights,0.1661023199558258
3,labour law,0.12475278228521347
4,fraud,0.08765245974063873
