,Label,Score
0,sustainability,0.4172373116016388
1,human rights,0.21865840256214142
2,social issues,0.1638728827238083
3,labour law,0.12110807001590729
4,fraud,0.0791233479976654
