,Label,Score
0,sustainability,0.3063252568244934
1,human rights,0.24497607350349426
2,social issues,0.20781344175338745
3,labour law,0.16754645109176636
4,fraud,0.07333876937627792
