,Label,Score
0,sustainability,0.4311087131500244
1,human rights,0.21258987486362457
2,social issues,0.1804259866476059
3,labour law,0.13135449588298798
4,fraud,0.044520989060401917
