,Label,Score
0,sustainability,0.28686848282814026
1,social issues,0.22000783681869507
2,human rights,0.21519649028778076
3,labour law,0.1421137899160385
4,fraud,0.1358134001493454
