,Label,Score
0,sustainability,0.3661659359931946
1,social issues,0.1892300397157669
2,human rights,0.15941019356250763
3,fraud,0.15064845979213715
4,labour law,0.1345454305410385
