,Label,Score
0,social issues,0.2778073251247406
1,sustainability,0.26859647035598755
2,human rights,0.23869749903678894
3,labour law,0.14211636781692505
4,fraud,0.07278241217136383
