,Label,Score
0,sustainability,0.3177729845046997
1,social issues,0.24091164767742157
2,human rights,0.21552015841007233
3,labour law,0.12153210490942001
4,fraud,0.1042630672454834
