,Label,Score
0,human rights,0.28817886114120483
1,sustainability,0.2865656316280365
2,social issues,0.21853266656398773
3,labour law,0.16282247006893158
4,fraud,0.04390035197138786
