,Label,Score
0,sustainability,0.3553970754146576
1,human rights,0.23848392069339752
2,social issues,0.18877838551998138
3,labour law,0.12003844976425171
4,fraud,0.09730217605829239
