,Label,Score
0,sustainability,0.2852707505226135
1,human rights,0.2816844880580902
2,social issues,0.2514258027076721
3,labour law,0.14600162208080292
4,fraud,0.03561731427907944
