,Label,Score
0,sustainability,0.30781036615371704
1,human rights,0.2474226951599121
2,social issues,0.2073909193277359
3,labour law,0.13801197707653046
4,fraud,0.09936398267745972
