,Label,Score
0,sustainability,0.39312997460365295
1,human rights,0.22333452105522156
2,social issues,0.18525579571723938
3,fraud,0.10712480545043945
4,labour law,0.09115490317344666
