,Label,Score
0,sustainability,0.4376143515110016
1,human rights,0.16846591234207153
2,social issues,0.16049757599830627
3,labour law,0.11860723048448563
4,fraud,0.11481489986181259
