,Label,Score
0,sustainability,0.33090949058532715
1,social issues,0.3259970247745514
2,human rights,0.13653869926929474
3,labour law,0.11572785675525665
4,fraud,0.09082699567079544
