,Label,Score
0,sustainability,0.47982195019721985
1,social issues,0.19509878754615784
2,human rights,0.14173930883407593
3,labour law,0.13075663149356842
4,fraud,0.05258336663246155
