,Label,Score
0,sustainability,0.3585328161716461
1,human rights,0.23369552195072174
2,social issues,0.1753307282924652
3,fraud,0.13952358067035675
4,labour law,0.0929173156619072
