,Label,Score
0,sustainability,0.39493387937545776
1,social issues,0.20675349235534668
2,human rights,0.18869264423847198
3,labour law,0.14105451107025146
4,fraud,0.06856537610292435
