,Label,Score
0,sustainability,0.3309077024459839
1,social issues,0.20994089543819427
2,labour law,0.17673973739147186
3,human rights,0.15112967789173126
4,fraud,0.1312820017337799
