,Label,Score
0,human rights,0.26945188641548157
1,sustainability,0.24856147170066833
2,labour law,0.16434837877750397
3,fraud,0.1614641547203064
4,social issues,0.15617409348487854
