,Label,Score
0,sustainability,0.4475656747817993
1,fraud,0.18489500880241394
2,human rights,0.15098753571510315
3,labour law,0.11121416836977005
4,social issues,0.10533757507801056
