,Label,Score
0,labour law,0.2520114779472351
1,sustainability,0.24650876224040985
2,human rights,0.19866584241390228
3,social issues,0.16930750012397766
4,fraud,0.1335064172744751
