,Label,Score
0,social issues,0.2599795460700989
1,human rights,0.22546492516994476
2,sustainability,0.19139637053012848
3,fraud,0.17293967306613922
4,labour law,0.15021952986717224
