,Label,Score
0,human rights,0.2784574031829834
1,labour law,0.26360562443733215
2,sustainability,0.21166181564331055
3,social issues,0.1583365648984909
4,fraud,0.087938591837883
