,Label,Score
0,sustainability,0.27436479926109314
1,human rights,0.2159949392080307
2,social issues,0.19366532564163208
3,labour law,0.19033358991146088
4,fraud,0.12564128637313843
