,Label,Score
0,human rights,0.5155115127563477
1,sustainability,0.2809278964996338
2,social issues,0.07767903804779053
3,labour law,0.07265963405370712
4,fraud,0.053221918642520905
