,Label,Score
0,sustainability,0.337384968996048
1,social issues,0.22286047041416168
2,human rights,0.21068069338798523
3,labour law,0.16304710507392883
4,fraud,0.06602676957845688
