,Label,Score
0,social issues,0.28183528780937195
1,sustainability,0.26660335063934326
2,human rights,0.24899210035800934
3,labour law,0.15353915095329285
4,fraud,0.04903019592165947
