,Label,Score
0,sustainability,0.3313530683517456
1,human rights,0.24670793116092682
2,social issues,0.21708394587039948
3,labour law,0.11854624003171921
4,fraud,0.08630875498056412
