,Label,Score
0,sustainability,0.30897438526153564
1,social issues,0.2528313398361206
2,human rights,0.24473325908184052
3,labour law,0.1472259759902954
4,fraud,0.04623505473136902
