,Label,Score
0,sustainability,0.34430214762687683
1,human rights,0.2066860795021057
2,social issues,0.18796133995056152
3,labour law,0.13107022643089294
4,fraud,0.12998022139072418
