,Label,Score
0,sustainability,0.25976240634918213
1,social issues,0.2289186716079712
2,labour law,0.1934071183204651
3,human rights,0.18709531426429749
4,fraud,0.13081642985343933
