,Label,Score
0,sustainability,0.3746781647205353
1,social issues,0.2578234374523163
2,human rights,0.15774084627628326
3,fraud,0.11903851479291916
4,labour law,0.09071899205446243
