,Label,Score
0,social issues,0.5556390285491943
1,sustainability,0.24055740237236023
2,human rights,0.09874788671731949
3,labour law,0.06889927387237549
4,fraud,0.036156393587589264
