,Label,Score
0,sustainability,0.28668612241744995
1,social issues,0.21183255314826965
2,human rights,0.20186537504196167
3,fraud,0.15284530818462372
4,labour law,0.1467706561088562
