,Label,Score
0,sustainability,0.2828522324562073
1,human rights,0.26174861192703247
2,social issues,0.18539592623710632
3,labour law,0.15687428414821625
4,fraud,0.11312898993492126
