,Label,Score
0,sustainability,0.3297537565231323
1,social issues,0.2909276485443115
2,human rights,0.18001113831996918
3,fraud,0.10081710666418076
4,labour law,0.098490409553051
