,Label,Score
0,sustainability,0.317466139793396
1,social issues,0.2684846818447113
2,fraud,0.14338214695453644
3,human rights,0.14026793837547302
4,labour law,0.13039910793304443
