,Label,Score
0,social issues,0.2750445008277893
1,sustainability,0.24121037125587463
2,human rights,0.23522993922233582
3,labour law,0.14627476036548615
4,fraud,0.10224039852619171
