,Label,Score
0,social issues,0.2533414959907532
1,human rights,0.23443254828453064
2,sustainability,0.2254319041967392
3,labour law,0.16391326487064362
4,fraud,0.12288076430559158
