,Label,Score
0,sustainability,0.3145097494125366
1,human rights,0.22128047049045563
2,social issues,0.21434412896633148
3,labour law,0.15678918361663818
4,fraud,0.09307646006345749
