,Label,Score
0,social issues,0.31219837069511414
1,sustainability,0.2851054072380066
2,human rights,0.1792801022529602
3,labour law,0.1254485845565796
4,fraud,0.09796750545501709
