,Label,Score
0,sustainability,0.2837704122066498
1,social issues,0.2400515377521515
2,human rights,0.19380153715610504
3,fraud,0.1582948863506317
4,labour law,0.1240815743803978
