,Label,Score
0,sustainability,0.3180670440196991
1,social issues,0.26708984375
2,human rights,0.2288740575313568
3,labour law,0.10976752638816833
4,fraud,0.07620151340961456
