,Label,Score
0,sustainability,0.3093564808368683
1,human rights,0.24296259880065918
2,social issues,0.23920054733753204
3,labour law,0.11394750326871872
4,fraud,0.09453283995389938
