,Label,Score
0,sustainability,0.279530793428421
1,social issues,0.21880534291267395
2,human rights,0.2152353823184967
3,fraud,0.16602438688278198
4,labour law,0.12040413916110992
