,Label,Score
0,sustainability,0.6727968454360962
1,human rights,0.12250892072916031
2,social issues,0.11729437857866287
3,labour law,0.05511178821325302
4,fraud,0.032288070768117905
