,Label,Score
0,sustainability,0.7217795252799988
1,social issues,0.13282059133052826
2,human rights,0.07434866577386856
3,labour law,0.043115537613630295
4,fraud,0.027935676276683807
