,Label,Score
0,sustainability,0.3794727623462677
1,human rights,0.2705453634262085
2,social issues,0.16211332380771637
3,labour law,0.11694534868001938
4,fraud,0.07092322409152985
