,Label,Score
0,sustainability,0.3309157192707062
1,social issues,0.2501749098300934
2,human rights,0.23003940284252167
3,labour law,0.1345885843038559
4,fraud,0.05428143963217735
