,Label,Score
0,sustainability,0.32709839940071106
1,social issues,0.2946435213088989
2,human rights,0.19540223479270935
3,labour law,0.13228876888751984
4,fraud,0.050567030906677246
