,Label,Score
0,social issues,0.29508644342422485
1,sustainability,0.2602841556072235
2,human rights,0.23155048489570618
3,labour law,0.14629532396793365
4,fraud,0.06678364425897598
