,Label,Score
0,sustainability,0.26408639550209045
1,fraud,0.20915140211582184
2,human rights,0.20267370343208313
3,social issues,0.17711694538593292
4,labour law,0.14697156846523285
