,Label,Score
0,sustainability,0.37796372175216675
1,social issues,0.19699247181415558
2,fraud,0.16366255283355713
3,human rights,0.14793966710567474
4,labour law,0.11344166845083237
