,Label,Score
0,sustainability,0.3131827414035797
1,human rights,0.26654481887817383
2,social issues,0.1897876262664795
3,labour law,0.12539419531822205
4,fraud,0.1050906702876091
