,Label,Score
0,sustainability,0.37168702483177185
1,social issues,0.2660554349422455
2,human rights,0.17206023633480072
3,labour law,0.13478869199752808
4,fraud,0.055408671498298645
