,Label,Score
0,sustainability,0.31950023770332336
1,fraud,0.20690332353115082
2,human rights,0.20019857585430145
3,labour law,0.16209398210048676
4,social issues,0.11130382120609283
