,Label,Score
0,sustainability,0.5076420307159424
1,social issues,0.21071794629096985
2,human rights,0.14574593305587769
3,fraud,0.07493986189365387
4,labour law,0.06095428019762039
