,Label,Score
0,sustainability,0.40269961953163147
1,human rights,0.25950512290000916
2,labour law,0.18747739493846893
3,fraud,0.07935211062431335
4,social issues,0.07096576690673828
