,Label,Score
0,sustainability,0.2608799934387207
1,human rights,0.2121346890926361
2,social issues,0.2030537724494934
3,fraud,0.16392801702022552
4,labour law,0.16000348329544067
