,Label,Score
0,sustainability,0.3559606969356537
1,human rights,0.23800407350063324
2,social issues,0.1600608378648758
3,labour law,0.14963890612125397
4,fraud,0.09633554518222809
