,Label,Score
0,social issues,0.2852974236011505
1,sustainability,0.2676645815372467
2,human rights,0.21810616552829742
3,labour law,0.14024047553539276
4,fraud,0.08869131654500961
