,Label,Score
0,sustainability,0.3303535282611847
1,social issues,0.22329863905906677
2,human rights,0.18791183829307556
3,labour law,0.14901846647262573
4,fraud,0.10941749811172485
