,Label,Score
0,social issues,0.2216474860906601
1,human rights,0.20523633062839508
2,sustainability,0.20459525287151337
3,labour law,0.20119944214820862
4,fraud,0.16732157766819
