,Label,Score
0,human rights,0.2705357074737549
1,social issues,0.24633561074733734
2,sustainability,0.24105516076087952
3,labour law,0.20241603255271912
4,fraud,0.03965745493769646
