,Label,Score
0,social issues,0.3400678038597107
1,human rights,0.25959572196006775
2,sustainability,0.24254128336906433
3,labour law,0.14090697467327118
4,fraud,0.016888173297047615
