,Label,Score
0,sustainability,0.2422661930322647
1,human rights,0.22954623401165009
2,social issues,0.22720149159431458
3,labour law,0.1857060194015503
4,fraud,0.11528002470731735
