,Label,Score
0,sustainability,0.329815536737442
1,social issues,0.2597305476665497
2,human rights,0.1589667946100235
3,fraud,0.12935346364974976
4,labour law,0.12213367223739624
