,Label,Score
0,sustainability,0.32517868280410767
1,social issues,0.23206827044487
2,human rights,0.20326608419418335
3,labour law,0.13152478635311127
4,fraud,0.1079622134566307
