,Label,Score
0,sustainability,0.29781991243362427
1,social issues,0.2618793845176697
2,labour law,0.1773674488067627
3,human rights,0.15948207676410675
4,fraud,0.10345116257667542
