,Label,Score
0,sustainability,0.3538212478160858
1,social issues,0.2608036696910858
2,human rights,0.15533380210399628
3,labour law,0.14890466630458832
4,fraud,0.08113656938076019
