,Label,Score
0,sustainability,0.3156769275665283
1,social issues,0.2875079810619354
2,human rights,0.2166484296321869
3,labour law,0.11883630603551865
4,fraud,0.061330389231443405
