,Label,Score
0,sustainability,0.2902233600616455
1,human rights,0.25693246722221375
2,social issues,0.25046175718307495
3,labour law,0.15175777673721313
4,fraud,0.05062459036707878
