,Label,Score
0,sustainability,0.38128048181533813
1,human rights,0.2289111167192459
2,social issues,0.19124703109264374
3,labour law,0.11970053613185883
4,fraud,0.07886078953742981
