,Label,Score
0,sustainability,0.35163745284080505
1,human rights,0.1927553117275238
2,labour law,0.16170383989810944
3,social issues,0.1607692986726761
4,fraud,0.1331341564655304
