,Label,Score
0,sustainability,0.411752849817276
1,social issues,0.25179073214530945
2,human rights,0.1817454844713211
3,labour law,0.09431270509958267
4,fraud,0.060398224741220474
