,Label,Score
0,sustainability,0.28759491443634033
1,social issues,0.20957651734352112
2,human rights,0.19764935970306396
3,labour law,0.15432031452655792
4,fraud,0.15085887908935547
