,Label,Score
0,social issues,0.2637976408004761
1,labour law,0.20198394358158112
2,sustainability,0.19983696937561035
3,human rights,0.18981817364692688
4,fraud,0.1445632427930832
