,Label,Score
0,sustainability,0.32817691564559937
1,human rights,0.23823712766170502
2,social issues,0.19744187593460083
3,labour law,0.1903432011604309
4,fraud,0.045800887048244476
