,Label,Score
0,sustainability,0.335032194852829
1,human rights,0.21789804100990295
2,social issues,0.19172897934913635
3,labour law,0.18751898407936096
4,fraud,0.06782181560993195
