,Label,Score
0,sustainability,0.27076971530914307
1,human rights,0.24068917334079742
2,social issues,0.20419180393218994
3,labour law,0.1770962029695511
4,fraud,0.10725311934947968
