,Label,Score
0,sustainability,0.2984820604324341
1,social issues,0.2697688341140747
2,human rights,0.20839819312095642
3,labour law,0.1476316750049591
4,fraud,0.07571922242641449
