,Label,Score
0,sustainability,0.3165366053581238
1,social issues,0.25497210025787354
2,human rights,0.19673806428909302
3,fraud,0.1235947459936142
4,labour law,0.10815858095884323
