,Label,Score
0,sustainability,0.28270223736763
1,human rights,0.2763080894947052
2,social issues,0.25356605648994446
3,labour law,0.14011316001415253
4,fraud,0.047310441732406616
