,Label,Score
0,sustainability,0.3017696440219879
1,social issues,0.22680673003196716
2,human rights,0.18636088073253632
3,labour law,0.16224399209022522
4,fraud,0.122818723320961
