,Label,Score
0,sustainability,0.4008949398994446
1,human rights,0.18927863240242004
2,social issues,0.1569858342409134
3,fraud,0.1496167927980423
4,labour law,0.10322384536266327
