,Label,Score
0,sustainability,0.342140793800354
1,human rights,0.25509488582611084
2,social issues,0.21137578785419464
3,labour law,0.12407206743955612
4,fraud,0.06731642037630081
