,Label,Score
0,sustainability,0.27811723947525024
1,human rights,0.24506168067455292
2,social issues,0.23196081817150116
3,fraud,0.12372352927923203
4,labour law,0.12113675475120544
