,Label,Score
0,social issues,0.330275297164917
1,sustainability,0.23087118566036224
2,human rights,0.18745224177837372
3,labour law,0.14049778878688812
4,fraud,0.11090351641178131
