,Label,Score
0,sustainability,0.3878752887248993
1,social issues,0.22885985672473907
2,human rights,0.1657329946756363
3,labour law,0.12567546963691711
4,fraud,0.09185637533664703
