,Label,Score
0,sustainability,0.4342997074127197
1,social issues,0.24202175438404083
2,human rights,0.1365809291601181
3,labour law,0.13073687255382538
4,fraud,0.05636076256632805
