,Label,Score
0,sustainability,0.3661680817604065
1,social issues,0.21148927509784698
2,human rights,0.2065170556306839
3,fraud,0.11894604563713074
4,labour law,0.09687962383031845
