,Label,Score
0,sustainability,0.37427884340286255
1,human rights,0.21793827414512634
2,social issues,0.20371602475643158
3,labour law,0.10240674763917923
4,fraud,0.10166008025407791
