,Label,Score
0,social issues,0.29962408542633057
1,sustainability,0.290658175945282
2,human rights,0.1928444504737854
3,labour law,0.16902489960193634
4,fraud,0.047848399728536606
