,Label,Score
0,sustainability,0.2909202575683594
1,human rights,0.24327661097049713
2,social issues,0.20090509951114655
3,labour law,0.18222713470458984
4,fraud,0.08267097920179367
