,Label,Score
0,sustainability,0.3947484493255615
1,labour law,0.1828080266714096
2,social issues,0.1817454844713211
3,human rights,0.17194105684757233
4,fraud,0.06875699758529663
