,Label,Score
0,sustainability,0.2912409007549286
1,human rights,0.25609487295150757
2,labour law,0.21323414146900177
3,social issues,0.1446063220500946
4,fraud,0.09482375532388687
