,Label,Score
0,sustainability,0.31676921248435974
1,human rights,0.22525863349437714
2,social issues,0.22368866205215454
3,labour law,0.15982797741889954
4,fraud,0.07445552200078964
