,Label,Score
0,sustainability,0.4242281913757324
1,social issues,0.2588830590248108
2,human rights,0.16017675399780273
3,labour law,0.07977842539548874
4,fraud,0.07693357765674591
