,Label,Score
0,sustainability,0.29358312487602234
1,human rights,0.21293334662914276
2,labour law,0.19320468604564667
3,social issues,0.15087683498859406
4,fraud,0.1494019329547882
