,Label,Score
0,sustainability,0.3724064528942108
1,social issues,0.296975314617157
2,human rights,0.16217005252838135
3,labour law,0.10603508353233337
4,fraud,0.06241312623023987
