,Label,Score
0,sustainability,0.34724998474121094
1,social issues,0.25523826479911804
2,human rights,0.184580460190773
3,labour law,0.13518190383911133
4,fraud,0.07774931937456131
