,Label,Score
0,sustainability,0.33046674728393555
1,social issues,0.23140139877796173
2,human rights,0.19312353432178497
3,labour law,0.1380205899477005
4,fraud,0.10698770731687546
