,Label,Score
0,sustainability,0.28075337409973145
1,social issues,0.27127140760421753
2,human rights,0.1935613453388214
3,fraud,0.15224716067314148
4,labour law,0.10216664522886276
