,Label,Score
0,sustainability,0.33688127994537354
1,social issues,0.23994408547878265
2,labour law,0.1495169848203659
3,fraud,0.14562447369098663
4,human rights,0.12803317606449127
