,Label,Score
0,sustainability,0.5518180131912231
1,social issues,0.1758531630039215
2,human rights,0.15539823472499847
3,labour law,0.06885140389204025
4,fraud,0.048079151660203934
