,Label,Score
0,sustainability,0.42458343505859375
1,human rights,0.2128816843032837
2,social issues,0.19713284075260162
3,labour law,0.08625713735818863
4,fraud,0.07914481312036514
