,Label,Score
0,social issues,0.24953806400299072
1,human rights,0.22675009071826935
2,sustainability,0.2247772514820099
3,employee affairs,0.21566452085971832
4,fraud,0.08327006548643112
