,Label,Score
0,sustainability,0.40565308928489685
1,employee affairs,0.24791641533374786
2,human rights,0.18709899485111237
3,social issues,0.10721044987440109
4,fraud,0.05212104693055153
