,Label,Score
0,sustainability,0.4271990656852722
1,employee affairs,0.1912371665239334
2,social issues,0.16180017590522766
3,human rights,0.11083941161632538
4,fraud,0.10892418771982193
