,Label,Score
0,sustainability,0.3303603529930115
1,human rights,0.23095273971557617
2,employee affairs,0.22094765305519104
3,social issues,0.17904026806354523
4,fraud,0.03869903087615967
