,Label,Score
0,sustainability,0.26285505294799805
1,employee affairs,0.20586015284061432
2,human rights,0.20227880775928497
3,social issues,0.19721058011054993
4,fraud,0.13179537653923035
