,Label,Score
0,sustainability,0.2564135491847992
1,employee affairs,0.23318953812122345
2,social issues,0.196650892496109
3,human rights,0.19235067069530487
4,fraud,0.12139534205198288
