,Label,Score
0,human rights,0.2563245892524719
1,employee affairs,0.25536048412323
2,sustainability,0.2548901438713074
3,social issues,0.19437694549560547
4,fraud,0.03904787451028824
