,Label,Score
0,sustainability,0.2917154133319855
1,employee affairs,0.2777140438556671
2,human rights,0.19575105607509613
3,social issues,0.15495216846466064
4,fraud,0.07986724376678467
