,Label,Score
0,sustainability,0.3538145422935486
1,human rights,0.20099924504756927
2,employee affairs,0.182045578956604
3,social issues,0.16672885417938232
4,fraud,0.09641177207231522
