,Label,Score
0,sustainability,0.3828398883342743
1,employee affairs,0.22892679274082184
2,human rights,0.14738015830516815
3,social issues,0.14040903747081757
4,fraud,0.10044412314891815
