,Label,Score
0,sustainability,0.48443448543548584
1,social issues,0.19697438180446625
2,human rights,0.1431017369031906
3,employee affairs,0.12240030616521835
4,fraud,0.05308913439512253
