,Label,Score
0,sustainability,0.32264915108680725
1,human rights,0.21030519902706146
2,employee affairs,0.1837044358253479
3,social issues,0.157782182097435
4,fraud,0.12555906176567078
