,Label,Score
0,sustainability,0.3380797207355499
1,employee affairs,0.2647078037261963
2,social issues,0.17698946595191956
3,human rights,0.1615283042192459
4,fraud,0.058694738894701004
