,Label,Score
0,employee affairs,0.30652835965156555
1,sustainability,0.2787400782108307
2,social issues,0.17684300243854523
3,human rights,0.12730365991592407
4,fraud,0.11058497428894043
