,Label,Score
0,employee affairs,0.40297800302505493
1,human rights,0.22575533390045166
2,sustainability,0.1716018170118332
3,social issues,0.12836953997612
4,fraud,0.07129526883363724
