,Label,Score
0,employee affairs,0.3019227385520935
1,sustainability,0.23006010055541992
2,human rights,0.1854093223810196
3,social issues,0.15801005065441132
4,fraud,0.12459783256053925
