,Label,Score
0,employee affairs,0.30089133977890015
1,human rights,0.22542454302310944
2,sustainability,0.20794662833213806
3,fraud,0.13508132100105286
4,social issues,0.13065612316131592
