,Label,Score
0,employee affairs,0.24375413358211517
1,social issues,0.23136413097381592
2,human rights,0.2006480097770691
3,sustainability,0.17032961547374725
4,fraud,0.15390409529209137
