,Label,Score
0,sustainability,0.3721352517604828
1,employee affairs,0.26100659370422363
2,fraud,0.15373316407203674
3,human rights,0.12554070353507996
4,social issues,0.08758431673049927
