,Label,Score
0,sustainability,0.31131497025489807
1,employee affairs,0.22771739959716797
2,social issues,0.20564061403274536
3,human rights,0.19440189003944397
4,fraud,0.06092509627342224
