,Label,Score
0,sustainability,0.31197506189346313
1,human rights,0.23227983713150024
2,social issues,0.20438864827156067
3,employee affairs,0.17009501159191132
4,fraud,0.08126141130924225
