,Label,Score
0,sustainability,0.2664543390274048
1,employee affairs,0.26458221673965454
2,social issues,0.2180371731519699
3,human rights,0.2110539823770523
4,fraud,0.03987229987978935
