,Label,Score
0,employee affairs,0.26904675364494324
1,sustainability,0.23540322482585907
2,social issues,0.2074512541294098
3,human rights,0.1695498526096344
4,fraud,0.11854895204305649
