,Label,Score
0,sustainability,0.2635453939437866
1,employee affairs,0.22528885304927826
2,social issues,0.19195091724395752
3,human rights,0.1899312287569046
4,fraud,0.129283607006073
