,Label,Score
0,sustainability,0.34429192543029785
1,social issues,0.23691411316394806
2,employee affairs,0.16446179151535034
3,human rights,0.14494770765304565
4,fraud,0.10938450694084167
