,Label,Score
0,employee affairs,0.4868927299976349
1,social issues,0.3082045912742615
2,sustainability,0.1469128131866455
3,human rights,0.04424407705664635
4,fraud,0.013745834119617939
