,Label,Score
0,sustainability,0.2755100131034851
1,social issues,0.20357489585876465
2,human rights,0.1939961165189743
3,employee affairs,0.18003201484680176
4,fraud,0.1468869149684906
