,Label,Score
0,sustainability,0.261933833360672
1,human rights,0.24239075183868408
2,employee affairs,0.21922831237316132
3,social issues,0.17168480157852173
4,fraud,0.10476232320070267
