,Label,Score
0,sustainability,0.3052448630332947
1,social issues,0.2693052291870117
2,human rights,0.1666322499513626
3,employee affairs,0.16549332439899445
4,fraud,0.09332433342933655
