,Label,Score
0,social issues,0.2364151030778885
1,employee affairs,0.21977423131465912
2,human rights,0.2187693864107132
3,sustainability,0.21037031710147858
4,fraud,0.11467098444700241
