,Label,Score
0,social issues,0.2862432301044464
1,sustainability,0.26140496134757996
2,employee affairs,0.19815319776535034
3,human rights,0.16437523066997528
4,fraud,0.08982336521148682
