,Label,Score
0,sustainability,0.26094114780426025
1,social issues,0.22073990106582642
2,employee affairs,0.19454830884933472
3,human rights,0.17821042239665985
4,fraud,0.14556017518043518
