,Label,Score
0,sustainability,0.3033963739871979
1,social issues,0.2547706365585327
2,human rights,0.2183169275522232
3,employee affairs,0.15082958340644836
4,fraud,0.07268646359443665
