,Label,Score
0,sustainability,0.2918977439403534
1,human rights,0.22925159335136414
2,social issues,0.22570177912712097
3,employee affairs,0.16395100951194763
4,fraud,0.08919782191514969
