,Label,Score
0,sustainability,0.6944990158081055
1,employee affairs,0.12935703992843628
2,social issues,0.09259320050477982
3,human rights,0.05720179155468941
4,fraud,0.026348911225795746
