,Label,Score
0,social issues,0.27599361538887024
1,sustainability,0.24344250559806824
2,human rights,0.21656763553619385
3,employee affairs,0.2015339881181717
4,fraud,0.06246218830347061
