,Label,Score
0,sustainability,0.3092426359653473
1,social issues,0.27855902910232544
2,human rights,0.18473592400550842
3,employee affairs,0.17965559661388397
4,fraud,0.04780680686235428
