,Label,Score
0,sustainability,0.25264525413513184
1,fraud,0.20009073615074158
2,human rights,0.19389328360557556
3,employee affairs,0.18392668664455414
4,social issues,0.1694440096616745
