,Label,Score
0,sustainability,0.3115815818309784
1,human rights,0.2651827931404114
2,social issues,0.1888178139925003
3,employee affairs,0.12986426055431366
4,fraud,0.10455353558063507
