,Label,Score
0,sustainability,0.283905953168869
1,employee affairs,0.2554435729980469
2,fraud,0.183852419257164
3,human rights,0.17789414525032043
4,social issues,0.09890393912792206
