,Label,Score
0,sustainability,0.37655550241470337
1,human rights,0.2426569014787674
2,employee affairs,0.24022862315177917
3,fraud,0.0742003545165062
4,social issues,0.06635864078998566
