,Label,Score
0,sustainability,0.4590844511985779
1,social issues,0.19056198000907898
2,employee affairs,0.15077774226665497
3,human rights,0.13180464506149292
4,fraud,0.06777126342058182
