,Label,Score
0,employee affairs,0.25518396496772766
1,sustainability,0.23131948709487915
2,human rights,0.18809774518013
3,social issues,0.18004544079303741
4,fraud,0.14535336196422577
