,Label,Score
0,social issues,0.2639303505420685
1,sustainability,0.2476188987493515
2,employee affairs,0.20463034510612488
3,human rights,0.2017716020345688
4,fraud,0.08204876631498337
