,Label,Score
0,sustainability,0.32771745324134827
1,social issues,0.22151711583137512
2,human rights,0.18641260266304016
3,employee affairs,0.15580828487873077
4,fraud,0.10854452103376389
