,Label,Score
0,sustainability,0.30496034026145935
1,social issues,0.2401561290025711
2,employee affairs,0.18829132616519928
3,human rights,0.1469869762659073
4,fraud,0.11960522085428238
