,Label,Score
0,sustainability,0.28380292654037476
1,employee affairs,0.24203018844127655
2,social issues,0.2025396078824997
3,human rights,0.17740225791931152
4,fraud,0.09422498941421509
