,Label,Score
0,sustainability,0.2814030051231384
1,social issues,0.25629204511642456
2,employee affairs,0.21450792253017426
3,human rights,0.19312559068202972
4,fraud,0.05467142164707184
