,Label,Score
0,sustainability,0.3638359308242798
1,human rights,0.1994417905807495
2,social issues,0.16634654998779297
3,fraud,0.1377527415752411
4,employee affairs,0.13262297213077545
