,Label,Score
0,sustainability,0.3522093892097473
1,employee affairs,0.22528398036956787
2,social issues,0.21537917852401733
3,human rights,0.15546339750289917
4,fraud,0.051664069294929504
