,Label,Score
0,employee affairs,0.26534441113471985
1,sustainability,0.25726157426834106
2,social issues,0.23251371085643768
3,human rights,0.17961794137954712
4,fraud,0.06526236236095428
