,Label,Score
0,sustainability,0.30461111664772034
1,human rights,0.2271130234003067
2,employee affairs,0.22015415132045746
3,social issues,0.18818935751914978
4,fraud,0.05993235483765602
