,Label,Score
0,sustainability,0.38087573647499084
1,human rights,0.17982624471187592
2,social issues,0.1491464525461197
3,employee affairs,0.14800558984279633
4,fraud,0.14214599132537842
