,Label,Score
0,sustainability,0.3522094786167145
1,employee affairs,0.270870178937912
2,social issues,0.16216035187244415
3,human rights,0.15341249108314514
4,fraud,0.06134757399559021
