,Label,Score
0,sustainability,0.2776872217655182
1,employee affairs,0.2634859085083008
2,human rights,0.1974674016237259
3,social issues,0.1960902363061905
4,fraud,0.06526930630207062
