,Label,Score
0,employee affairs,0.31268689036369324
1,sustainability,0.2501050531864166
2,human rights,0.18139885365962982
3,social issues,0.12853290140628815
4,fraud,0.12727627158164978
