,Label,Score
0,sustainability,0.3176023066043854
1,social issues,0.2262132167816162
2,employee affairs,0.1981872171163559
3,fraud,0.137290820479393
4,human rights,0.12070643901824951
