,Label,Score
0,sustainability,0.5001320838928223
1,social issues,0.15938206017017365
2,employee affairs,0.1560671329498291
3,human rights,0.14084284007549286
4,fraud,0.04357580095529556
