,Label,Score
0,sustainability,0.3804562985897064
1,human rights,0.1907578706741333
2,employee affairs,0.18122060596942902
3,social issues,0.17664581537246704
4,fraud,0.07091942429542542
