,PDF Name,TF-IDF,Top N Words,Company Name
0,4f303cec-a12d-480b-accb-7b56f706f60e_axa-ri2020-en-accessible,"[('this', 0.2645121199578968), ('with', 0.2196795572531685), ('have', 0.20968639842286213), ('crisis', 0.18752111122572837), ('we', 0.16744967425041585), ('customer', 0.15726479881714658), ('health', 0.15687046198344087), ('weve', 0.14936984577684495), ('will', 0.14662613370728847), ('that', 0.13396631010349525), ('their', 0.122311078250534), ('more', 0.122311078250534), ('from', 0.11364915831862325), ('risk', 0.11103358943622281), ('must', 0.10669274698346068), ('progress', 0.10635745934829043), ('need', 0.10484319921143107), ('global', 0.10484319921143107), ('plan', 0.09715410836699226), ('which', 0.09228734496534322), ('service', 0.09040384044604687), ('been', 0.08972921696896823), ('covid', 0.08882687154897824), ('economy', 0.08859450867650653), ('healthcare', 0.08742213145422979), ('pandemic', 0.08535419758676854), ('climate', 0.08533975136483841), ('also', 0.08508596747863234), ('year', 0.07772351260535595), ('integrated', 0.0752997806160339), ('system', 0.07477434747414019), ('first', 0.07387195290710512), ('strategic', 0.07297396634508554), ('while', 0.07219412018135175), ('through', 0.07176414610732108), ('driving', 0.07059776808128704), ('insurance', 0.07027979524163164), ('management', 0.06767738630791835), ('page', 0.06729691272672617), ('digital', 0.0640708439625412)]","[('axa', 152), ('health', 125), ('customer', 94), ('risk', 79), ('climate', 72), ('group', 70), ('report', 65), ('insurance', 63), ('progress', 61), ('crisis', 55), ('solution', 53), ('service', 52), ('plan', 48), ('company', 47), ('integrated', 46), ('strategic', 44), ('business', 44), ('employee', 43), ('action', 41), ('need', 39), ('transition', 38), ('financial', 37), ('driving', 36), ('management', 36), ('investment', 36), ('strategy', 36), ('impact', 35), ('digital', 35), ('groups', 34), ('covid', 34), ('year', 33), ('global', 31), ('axas', 31), ('asset', 31), ('healthcare', 30), ('support', 29), ('weve', 29), ('entity', 28), ('society', 27), ('access', 25)]",axa_health_customer
