,PDF Name,TF-IDF,Top N Words,Company Name
0,668a8a26-d924-21aa-cd75-c12e5296ff2b,"[('equity', 0.3576119086986967), ('million', 0.303251162489769), ('operating', 0.303251162489769), ('share', 0.2592432625170597), ('profit', 0.23983934047779132), ('shareholders', 0.2149836785124221), ('result', 0.21060422783674265), ('total', 0.18764404225305936), ('market', 0.17076152525705804), ('income', 0.1646107127374252), ('number', 0.1604980121809891), ('capitalisation', 0.15848464292597036), ('from', 0.13749359592610366), ('high', 0.13553502587883667), ('sheet', 0.12130046499590762), ('balance', 0.11991967023889566), ('client', 0.10530211391837133), ('annual', 0.10002822837467928), ('costs', 0.09554668064557365), ('figures', 0.09554668064557365), ('advances', 0.09554668064557365), ('ratios', 0.09554668064557365), ('results', 0.08525977532436257), ('proposal', 0.08525977532436257), ('thousand', 0.08194813149201843), ('return', 0.08194813149201843), ('historic', 0.07924232146298518), ('borrowing', 0.07924232146298518), ('submitted', 0.07924232146298518), ('fulltime', 0.07695459168054226), ('commission', 0.07497287000315152), ('work', 0.0732248676016078), ('close', 0.0732248676016078), ('coverage', 0.0732248676016078), ('unit', 0.0732248676016078), ('data', 0.07166122617080736), ('ordinary', 0.07166122617080736), ('billion', 0.07166122617080736), ('people', 0.07166122617080736), ('administration', 0.07024674044065889)]","[('bcge', 347), ('financial', 292), ('board', 268), ('bank', 263), ('risk', 258), ('value', 225), ('asset', 204), ('geneva', 194), ('company', 172), ('management', 171), ('year', 162), ('total', 156), ('chf', 156), ('member', 155), ('client', 149), ('business', 148), ('share', 147), ('directors', 145), ('report', 142), ('equity', 140), ('executive', 134), ('swiss', 127), ('banks', 122), ('capital', 118), ('banking', 116), ('group', 113), ('annual', 112), ('statement', 108), ('investment', 106), ('income', 98), ('security', 98), ('finance', 98), ('consolidated', 96), ('loan', 96), ('market', 95), ('transaction', 92), ('liability', 91), ('general', 90), ('service', 89), ('audit', 89)]",bcge_financial_board
