,Label,Score
0,sustainability,0.28146201372146606
1,human rights,0.2567347586154938
2,employee affairs,0.17200814187526703
3,social issues,0.1713983118534088
4,fraud,0.11839672178030014
