,Label,Score
0,employee affairs,0.2962532341480255
1,sustainability,0.29396963119506836
2,social issues,0.192602276802063
3,human rights,0.1660996973514557
4,fraud,0.051075082272291183
