,Label,Score
0,employee affairs,0.3391397297382355
1,social issues,0.23454877734184265
2,sustainability,0.22455300390720367
3,human rights,0.17047038674354553
4,fraud,0.03128807246685028
