,Label,Score
0,social issues,0.34155020117759705
1,human rights,0.26411840319633484
2,employee affairs,0.2134099304676056
3,sustainability,0.13610607385635376
4,fraud,0.044815413653850555
