,Label,Score
0,employee affairs,0.2921053171157837
1,sustainability,0.27597567439079285
2,human rights,0.22601956129074097
3,social issues,0.1592053771018982
4,fraud,0.04669399932026863
