,Label,Score
0,sustainability,0.2920756936073303
1,social issues,0.2635778784751892
2,employee affairs,0.2174738198518753
3,human rights,0.1485055536031723
4,fraud,0.07836699485778809
