,Label,Score
0,sustainability,0.3589620590209961
1,employee affairs,0.2438621073961258
2,human rights,0.18811829388141632
3,social issues,0.1409851759672165
4,fraud,0.06807228922843933
