,Label,Score
0,sustainability,0.28709542751312256
1,human rights,0.22959773242473602
2,employee affairs,0.21980400383472443
3,social issues,0.19476772844791412
4,fraud,0.06873506307601929
