,Label,Score
0,sustainability,0.36961644887924194
1,employee affairs,0.2552548050880432
2,human rights,0.1822672039270401
3,social issues,0.15469102561473846
4,fraud,0.03817052021622658
