,Label,Score
0,sustainability,0.3546679615974426
1,social issues,0.18328920006752014
2,employee affairs,0.16172075271606445
3,human rights,0.1544041633605957
4,fraud,0.14591793715953827
