,Label,Score
0,social issues,0.2505688965320587
1,sustainability,0.24226100742816925
2,employee affairs,0.2262309044599533
3,human rights,0.2152930498123169
4,fraud,0.06564609706401825
