,Label,Score
0,sustainability,0.28064680099487305
1,employee affairs,0.22416532039642334
2,social issues,0.21276557445526123
3,human rights,0.19034059345722198
4,fraud,0.0920817032456398
