,Label,Score
0,employee affairs,0.3038484454154968
1,sustainability,0.2325430065393448
2,human rights,0.2296200692653656
3,social issues,0.20495449006557465
4,fraud,0.029034020379185677
