,Label,Score
0,sustainability,0.2739381194114685
1,employee affairs,0.23286759853363037
2,human rights,0.22019578516483307
3,social issues,0.18456874787807465
4,fraud,0.08842983841896057
