,Label,Score
0,sustainability,0.27740174531936646
1,social issues,0.27328431606292725
2,employee affairs,0.25871291756629944
3,human rights,0.11446072161197662
4,fraud,0.07614029943943024
