,Label,Score
0,sustainability,0.2603960931301117
1,employee affairs,0.23155713081359863
2,human rights,0.20499780774116516
3,social issues,0.1838046908378601
4,fraud,0.119244284927845
