,Label,Score
0,sustainability,0.26591888070106506
1,human rights,0.2618824541568756
2,social issues,0.19375362992286682
3,employee affairs,0.19280453026294708
4,fraud,0.08564045280218124
