,Label,Score
0,social issues,0.2534562945365906
1,sustainability,0.23975862562656403
2,employee affairs,0.23877207934856415
3,human rights,0.2239198088645935
4,fraud,0.04409323260188103
