,Label,Score
0,sustainability,0.324118047952652
1,employee affairs,0.21731629967689514
2,human rights,0.20614413917064667
3,social issues,0.17502641677856445
4,fraud,0.07739502936601639
