,Label,Score
0,sustainability,0.29050758481025696
1,social issues,0.24568553268909454
2,employee affairs,0.20424383878707886
3,fraud,0.13120616972446442
4,human rights,0.12835693359375
