,Label,Score
0,employee affairs,0.2712620198726654
1,social issues,0.23477718234062195
2,sustainability,0.2058963030576706
3,human rights,0.20079214870929718
4,fraud,0.08727233856916428
