,Label,Score
0,sustainability,0.298772931098938
1,human rights,0.2102086842060089
2,social issues,0.2036190629005432
3,employee affairs,0.19897976517677307
4,fraud,0.08841947466135025
