,Label,Score
0,sustainability,0.25784173607826233
1,social issues,0.20182879269123077
2,human rights,0.1985359787940979
3,employee affairs,0.18865066766738892
4,fraud,0.15314285457134247
