,Label,Score
0,sustainability,0.7696591019630432
1,employee affairs,0.12041762471199036
2,human rights,0.04596792906522751
3,social issues,0.044289544224739075
4,fraud,0.01966579630970955
