,Label,Score
0,sustainability,0.30803290009498596
1,employee affairs,0.2831907868385315
2,human rights,0.2196117788553238
3,social issues,0.13159362971782684
4,fraud,0.05757090821862221
