,Label,Score
0,sustainability,0.31542345881462097
1,social issues,0.23846302926540375
2,human rights,0.21927006542682648
3,employee affairs,0.1751033216714859
4,fraud,0.051740121096372604
