,Label,Score
0,sustainability,0.3540019690990448
1,social issues,0.1845041960477829
2,employee affairs,0.1696469783782959
3,fraud,0.15328633785247803
4,human rights,0.1385604739189148
