,Label,Score
0,sustainability,0.34276139736175537
1,social issues,0.24534979462623596
2,employee affairs,0.20212198793888092
3,human rights,0.15867026150226593
4,fraud,0.051096606999635696
