,Label,Score
0,sustainability,0.32872140407562256
1,human rights,0.21979111433029175
2,employee affairs,0.21471071243286133
3,social issues,0.14781257510185242
4,fraud,0.08896428346633911
