,Label,Score
0,employee affairs,0.22225503623485565
1,social issues,0.21580471098423004
2,human rights,0.1998269259929657
3,sustainability,0.19920194149017334
4,fraud,0.16291137039661407
