,Label,Score
0,employee affairs,0.2982795536518097
1,human rights,0.23801885545253754
2,social issues,0.21672841906547546
3,sustainability,0.21208234131336212
4,fraud,0.03489089384675026
