,Label,Score
0,social issues,0.28603115677833557
1,employee affairs,0.2774178087711334
2,human rights,0.2183452695608139
3,sustainability,0.20400109887123108
4,fraud,0.014204599894583225
