,Label,Score
0,sustainability,0.24471774697303772
1,human rights,0.23186905682086945
2,social issues,0.22950105369091034
3,employee affairs,0.17746566236019135
4,fraud,0.11644642055034637
