,Label,Score
0,employee affairs,0.30332037806510925
1,sustainability,0.2522205412387848
2,social issues,0.22178339958190918
3,human rights,0.13506413996219635
4,fraud,0.08761158585548401
