,Label,Score
0,sustainability,0.29770058393478394
1,employee affairs,0.2838996946811676
2,social issues,0.2194368988275528
3,human rights,0.13069558143615723
4,fraud,0.06826719641685486
