,Label,Score
0,sustainability,0.2872568666934967
1,human rights,0.25430604815483093
2,social issues,0.24790111184120178
3,employee affairs,0.16042886674404144
4,fraud,0.05010710284113884
