,Label,Score
0,sustainability,0.36596590280532837
1,human rights,0.21971766650676727
2,social issues,0.18356579542160034
3,employee affairs,0.15505698323249817
4,fraud,0.07569367438554764
