,Label,Score
0,sustainability,0.2957286536693573
1,social issues,0.21550427377223969
2,human rights,0.20323939621448517
3,fraud,0.15512558817863464
4,employee affairs,0.1304021030664444
