,Label,Score
0,employee affairs,0.3685694932937622
1,social issues,0.20872974395751953
2,sustainability,0.15812146663665771
3,human rights,0.1501937061548233
4,fraud,0.11438561975955963
