,Label,Score
0,sustainability,0.31280839443206787
1,employee affairs,0.22825990617275238
2,human rights,0.22708038985729218
3,social issues,0.18819524347782135
4,fraud,0.043656110763549805
