,Label,Score
0,sustainability,0.3011332154273987
1,employee affairs,0.2697272300720215
2,human rights,0.19585061073303223
3,social issues,0.17232951521873474
4,fraud,0.06095941364765167
