,Label,Score
0,sustainability,0.2561188340187073
1,human rights,0.22766654193401337
2,employee affairs,0.22162120044231415
3,social issues,0.1931435912847519
4,fraud,0.10144983232021332
