,Label,Score
0,sustainability,0.24791188538074493
1,employee affairs,0.24593360722064972
2,human rights,0.2423049509525299
3,social issues,0.22236128151416779
4,fraud,0.04148828610777855
