,Label,Score
0,sustainability,0.2709157466888428
1,employee affairs,0.23669438064098358
2,social issues,0.21822448074817657
3,human rights,0.16838328540325165
4,fraud,0.10578203946352005
