,Label,Score
0,sustainability,0.2936970889568329
1,social issues,0.22073881328105927
2,employee affairs,0.1846563220024109
3,human rights,0.18137502670288086
4,fraud,0.11953283101320267
