,Label,Score
0,sustainability,0.24972911179065704
1,human rights,0.22004693746566772
2,employee affairs,0.2108449637889862
3,social issues,0.20828427374362946
4,fraud,0.11109469830989838
