,Label,Score
0,sustainability,0.30088862776756287
1,social issues,0.24384234845638275
2,employee affairs,0.2165374457836151
3,human rights,0.14466062188148499
4,fraud,0.09407096356153488
