,Label,Score
0,sustainability,0.32623445987701416
1,employee affairs,0.21762605011463165
2,human rights,0.1899631768465042
3,social issues,0.17756594717502594
4,fraud,0.08861036598682404
