,Label,Score
0,sustainability,0.3631477355957031
1,employee affairs,0.2399756908416748
2,social issues,0.18508709967136383
3,human rights,0.13288700580596924
4,fraud,0.07890252768993378
