,Label,Score
0,sustainability,0.35959476232528687
1,social issues,0.21217355132102966
2,employee affairs,0.18942369520664215
3,human rights,0.1536487489938736
4,fraud,0.08515924215316772
