,Label,Score
0,sustainability,0.36712080240249634
1,employee affairs,0.2651967406272888
2,social issues,0.20458543300628662
3,human rights,0.11545448005199432
4,fraud,0.04764258489012718
