,Label,Score
0,social issues,0.2657317817211151
1,employee affairs,0.26302292943000793
2,sustainability,0.25777876377105713
3,human rights,0.1710304468870163
4,fraud,0.04243606701493263
