,Label,Score
0,employee affairs,0.27299484610557556
1,sustainability,0.25863030552864075
2,human rights,0.21627426147460938
3,social issues,0.17860570549964905
4,fraud,0.07349488139152527
