,Label,Score
0,employee affairs,0.27424174547195435
1,sustainability,0.2686576247215271
2,human rights,0.23623637855052948
3,social issues,0.13339336216449738
4,fraud,0.0874708816409111
