,Label,Score
0,sustainability,0.3564044237136841
1,employee affairs,0.22689934074878693
2,social issues,0.21749359369277954
3,human rights,0.13456864655017853
4,fraud,0.06463401019573212
