,Label,Score
0,sustainability,0.3287503719329834
1,social issues,0.262161523103714
2,employee affairs,0.21083252131938934
3,human rights,0.14315904676914215
4,fraud,0.05509653687477112
