,Label,Score
0,sustainability,0.29612934589385986
1,employee affairs,0.2624964714050293
2,social issues,0.2176629602909088
3,human rights,0.15740767121315002
4,fraud,0.06630352139472961
