,Label,Score
0,sustainability,0.3131616413593292
1,social issues,0.21928316354751587
2,employee affairs,0.18315912783145905
3,human rights,0.18301069736480713
4,fraud,0.10138531774282455
