,Label,Score
0,sustainability,0.25793129205703735
1,social issues,0.24922017753124237
2,human rights,0.17782671749591827
3,employee affairs,0.17515060305595398
4,fraud,0.13987115025520325
