,PDF Name,TF-IDF,Top N Words,Company Name
0,Unnamedattachment,"[('work', 0.25125808546577116), ('talent', 0.2296713979952701), ('solution', 0.16492153074655505), ('their', 0.15912747407140573), ('organisation', 0.14469085358857656), ('workforce', 0.13439216502854753), ('individual', 0.13143161723449978), ('future', 0.1291901613723394), ('read', 0.1282876174943018), ('global', 0.12709660477734674), ('transformation', 0.1225471549342649), ('career', 0.12129223891178434), ('world', 0.1175247819889814), ('more', 0.11548432564553565), ('group', 0.11219788789993038), ('business', 0.11021435545282753), ('through', 0.1091267766234205), ('adecco', 0.10902101380716883), ('offering', 0.1088984360820716), ('associate', 0.10753276790396622), ('employability', 0.10753276790396622), ('financial', 0.10561007542489032), ('page', 0.10177851114003526), ('digital', 0.09985350169743594), ('report', 0.09814818795422903), ('client', 0.09808910412587461), ('brand', 0.09423108655888723), ('transition', 0.093537237105789), ('with', 0.08901693785350226), ('remuneration', 0.0886793242820369), ('candidate', 0.08854159986754725), ('technology', 0.08567578001243369), ('training', 0.08567578001243369), ('help', 0.08481542595002937), ('skill', 0.08321125141452994), ('service', 0.08259182421488573), ('opportunity', 0.0803838075492092), ('review', 0.07912371730348382), ('support', 0.07912371730348382), ('three', 0.07852590546573936)]","[('adecco', 784), ('group', 762), ('cid', 584), ('share', 535), ('report', 468), ('company', 446), ('annual', 409), ('financial', 379), ('year', 376), ('board', 342), ('member', 334), ('business', 330), ('eur', 282), ('december', 281), ('work', 259), ('value', 248), ('asset', 236), ('cash', 230), ('remuneration', 214), ('performance', 204)]",adecco_group_cid
