,PDF Name,TF-IDF,Top N Words,Company Name
0,2019_Straumann_sustainability_report,"[('materiality', 0.42224056664953413), ('sustainability', 0.2371702185590328), ('stakeholder', 0.19266199369869286), ('topic', 0.19266199369869286), ('customer', 0.18490778776494257), ('report', 0.17117885944537117), ('assessment', 0.15412959495895429), ('business', 0.15408982313745215), ('with', 0.15109060911209646), ('engagement', 0.1436525030319662), ('inclusion', 0.12667216999486025), ('this', 0.12327185850996171), ('material', 0.11840877940411876), ('performance', 0.11840877940411876), ('colleague', 0.11559719621921571), ('monitor', 0.11559719621921571), ('success', 0.10773937727397465), ('interest', 0.10164437938244264), ('approach', 0.10164437938244264), ('employee', 0.09666440349833011), ('group', 0.08880658455308907), ('environment', 0.08880658455308907), ('risk', 0.08444811332990683), ('interested', 0.08444811332990683), ('aspect', 0.08444811332990683), ('axis', 0.08444811332990683), ('following', 0.07706479747947714), ('interview', 0.07706479747947714), ('diversity', 0.07706479747947714), ('right', 0.07706479747947714), ('responsible', 0.0718262515159831), ('charitable', 0.0718262515159831), ('safety', 0.0718262515159831), ('include', 0.06776291958829508), ('dialogue', 0.06776291958829508), ('opportunity', 0.06776291958829508), ('health', 0.06776291958829508), ('focus', 0.06776291958829508), ('community', 0.06776291958829508), ('customers', 0.06776291958829508)]","[('dental', 72), ('report', 57), ('production', 51), ('management', 50), ('customer', 41), ('straumann', 37), ('implant', 34), ('global', 32), ('corporate', 32), ('consumption', 29), ('financial', 27), ('compensation', 26), ('product', 26), ('site', 26), ('governance', 25), ('appendix', 25), ('highlights', 24), ('commentary', 24), ('sustainabilityreport', 24), ('support', 24)]",dental_report_production
