,PDF Name,TF-IDF,Top N Words,Company Name
0,mediclinic-international-sustainable-development-overview-2021,"[('report', 0.2875057491200507), ('mediclinic', 0.24143395238015378), ('year', 0.23081671331465153), ('information', 0.22005964504092831), ('nonfinancial', 0.1505977283781607), ('this', 0.14911854794172325), ('consecutive', 0.1430215676441204), ('groups', 0.13965704401770276), ('material', 0.13690729111661115), ('disclosure', 0.13234356882100168), ('group', 0.1259422120553484), ('with', 0.12238504816895211), ('stakeholder', 0.12166556999788293), ('data', 0.1192221884368145), ('issue', 0.11889088127695525), ('initiative', 0.11889088127695525), ('which', 0.10651324852980232), ('reporting', 0.10651324852980232), ('page', 0.10587485505680135), ('south', 0.10491668787029616), ('environmental', 0.10262718566209857), ('index', 0.10262718566209857), ('social', 0.09733245599830634), ('united', 0.09733245599830634), ('sustainable', 0.09695606504587932), ('development', 0.09695606504587932), ('calendar', 0.09676543632076769), ('glossary', 0.09035863702689644), ('company', 0.0895851757694739), ('africa', 0.0874487116344745), ('healthcare', 0.08521059882384185), ('climate', 0.08228702450046856), ('standards', 0.07940614129260101), ('about', 0.07697038924657393), ('change', 0.07486044485217683), ('term', 0.07486044485217683), ('statement', 0.07486044485217683), ('matter', 0.07299934199872975), ('ethical', 0.07299934199872975), ('governance', 0.07299934199872975)]","[('mediclinic', 486), ('group', 310), ('employee', 240), ('africa', 188), ('southern', 152), ('development', 144), ('report', 142), ('international', 124), ('sustainable', 122), ('management', 122), ('year', 114), ('hirslanden', 110), ('healthcare', 105), ('data', 101), ('middle', 100), ('hospital', 95), ('east', 92), ('information', 87), ('health', 87), ('division', 76)]",mediclinic_group_employee
