,PDF Name,TF-IDF,Top N Words,Company Name
0,takeda2020sustainabilityreport_en,"[('report', 0.23186456455798393), ('sustainability', 0.2291529572414281), ('reporting', 0.20424187942973468), ('nations', 0.17300124936159283), ('been', 0.150790861462966), ('core', 0.14664683272663212), ('included', 0.14664683272663212), ('united', 0.14286363089684562), ('sustainable', 0.14286363089684562), ('takeda', 0.13259138673823595), ('value', 0.13035538909501704), ('azsa', 0.11038412224462933), ('sdgs', 0.11038412224462933), ('ltd', 0.11038412224462933), ('rddriven', 0.11038412224462933), ('indexes', 0.11038412224462933), ('this', 0.10602363448840925), ('global', 0.10449788521385814), ('consolidated', 0.10156943391317001), ('mitigating', 0.10156943391317001), ('striving', 0.10156943391317001), ('purposeled', 0.10156943391317001), ('aligns', 0.10156943391317001), ('solve', 0.10156943391317001), ('societal', 0.10156943391317001), ('kpmg', 0.10156943391317001), ('biggest', 0.10156943391317001), ('assured', 0.10156943391317001), ('with', 0.09758184889082437), ('compact', 0.09531531301225572), ('collective', 0.09531531301225572), ('thrive', 0.09531531301225572), ('april', 0.09531531301225572), ('option', 0.09531531301225572), ('inclusive', 0.09531531301225572), ('subsidiary', 0.09531531301225572), ('march', 0.0904642399638566), ('guideline', 0.0904642399638566), ('healthy', 0.0904642399638566), ('selected', 0.0904642399638566)]","[('takeda', 247), ('patient', 242), ('business', 224), ('health', 212), ('global', 182), ('sustainability', 147), ('management', 146), ('governance', 143), ('report', 142), ('emission', 127), ('supplier', 124), ('program', 121), ('access', 116), ('responsible', 114), ('people', 107), ('risk', 104), ('fundamentals', 100), ('medicine', 91), ('takedas', 90), ('approach', 87)]",takeda_patient_business
