,PDF Name,TF-IDF,Top N Words,Company Name
0,ar21e,"[('family', 0.2886369655796522), ('company', 0.27256211455499885), ('that', 0.2467903816141858), ('roche', 0.18811074070857153), ('hoffmann', 0.1867000407438063), ('this', 0.18179909954942058), ('first', 0.17599082105737127), ('important', 0.16527488722277722), ('year', 0.14609439321714526), ('longterm', 0.1436519312540891), ('success', 0.13688174971128875), ('with', 0.13581079199513396), ('sustainable', 0.1346972506038377), ('duschmalé', 0.12569543984732795), ('future', 0.12418345466474322), ('life', 0.11934959013613242), ('what', 0.11545478623186087), ('always', 0.11080665875644609), ('think', 0.09807157478724188), ('andré', 0.09475966470685582), ('board', 0.08898990542912509), ('anniversary', 0.08864532700515687), ('present', 0.08639610526999225), ('cancer', 0.08441215109543393), ('very', 0.08263744361138861), ('also', 0.08238371216535044), ('being', 0.07956639342408828), ('have', 0.0781585550602228), ('about', 0.07580773176548465), ('something', 0.07355368109043141), ('stability', 0.07355368109043141), ('your', 0.07073468484647868), ('looking', 0.06843139720600341), ('history', 0.06843139720600341), ('part', 0.0665426731749154), ('bring', 0.06648399525386765), ('directors', 0.06628479410062693), ('will', 0.06529438797065763), ('many', 0.06330911332157545), ('jörg', 0.06330911332157545)]","[('roche', 554), ('committee', 250), ('year', 246), ('patient', 246), ('corporate', 210), ('remuneration', 209), ('board', 189), ('cancer', 173), ('executive', 163), ('member', 142), ('directors', 139), ('healthcare', 135), ('group', 128), ('report', 121), ('people', 120), ('total', 117), ('treatment', 108), ('value', 104), ('business', 102), ('company', 98)]",roche_committee_year
